object name,RA (in degree),DEC (in degree),g magnitude,i magnitude,r magnitude
manga-10214-3703 ,122.92139,36.115776,18.079904866707928,16.55609302821496,17.0905471936053
manga-10216-3704 ,117.239525,17.57712,17.088645415983976,15.630655714246828,16.110690348199494
manga-10216-9101 ,116.672745,18.73484,17.333411708640995,15.93430599390129,16.32014608237839
manga-10217-3703 ,119.29321,14.658764,17.047999394009747,15.924703813654729,16.294548172174878
manga-10218-12703,118.63424,16.809729,17.806435311536163,16.580405665558906,17.00756564312548
manga-10218-3704 ,119.16881,16.920115,18.06973006874249,16.662644263872835,17.13480815608107
manga-10220-12701,120.348595,32.883804,19.52005612844621,17.916698594790578,18.433214386306474
manga-10220-12702,120.48959,33.16459,18.8636937408684,17.34385488497322,17.82216149003196
manga-10220-6104 ,121.71815,32.250328,19.05408326411715,17.29693803936986,17.92889654365661
manga-10492-6103 ,122.972984,57.951893,18.138837688798482,16.669787326108967,17.09318263911817
manga-10493-1902 ,124.32737,52.029915,18.656023875497432,17.641189390353222,18.000250157024986
manga-10493-6103 ,123.431725,52.960617,19.012787423519075,17.381785737806574,17.897876898218414
manga-10494-12702,124.51605,54.619083,18.687179208223668,17.05281871431191,17.55116767654092
manga-10494-12704,125.38826,55.15197,18.408458385797815,16.84548737147029,17.35717126380322
manga-10494-6102 ,124.924095,54.627277,18.022210306951894,16.543494594056682,17.09907115164488
manga-10496-12704,125.4594,41.876266,17.962526785598467,17.141052358790937,17.476821955354104
manga-10496-6104 ,126.502396,40.981113,17.495922159861408,16.096417462610916,16.553298543411774
manga-10497-12702,121.603966,17.417686,19.497744624377503,17.892918511676108,18.439941857484207
manga-10498-1902 ,130.3201,27.659315,18.565378639487086,16.90579384695642,17.461579242738807
manga-10498-3702 ,130.15088,27.87653,18.50665567682519,16.91275866814768,17.431761374562676
manga-10498-6101 ,129.74702,26.136992,17.685425630834487,16.110698684875132,16.724948930717108
manga-10498-6102 ,130.41907,25.80777,19.060872463393657,17.394712673973185,17.810067669676474
manga-10498-6103 ,131.22498,27.719,18.370730481919207,16.920014518631387,17.380822010010345
manga-10499-12702,131.63524,29.598722,18.50093182167988,17.11310306682468,17.568186285920667
manga-10508-6101 ,183.372,50.741528,16.658955314589193,15.085763781338915,15.596881669021418
manga-10508-6103 ,183.26399,51.648598,18.579639300560945,17.392679979729145,17.929472518523575
manga-10512-3701 ,135.69104,3.275085,19.073176179697903,17.493629582300297,17.990097713683273
manga-10516-12701,150.52933,3.057686,16.552462313963577,15.519549906034941,15.839228954630467
manga-10516-6104 ,151.83607,4.079311,17.697667297301578,16.627039964427333,17.019740592096213
manga-10519-6102 ,154.8233,4.763066,18.361162485395624,17.183106125609548,17.618230673941113
manga-7443-12703 ,229.52557,42.745842,17.304956075237676,16.240655885966735,16.69235601458404
manga-7815-6104  ,319.19308,11.043741,17.704531025158662,16.591847431764457,17.36275015145456
manga-7957-12702 ,256.69376,35.658184,18.226186355577227,17.136698907572754,17.473461403943205
manga-7960-12704 ,259.0443,31.792309,18.301276018876717,17.06842681442187,17.48451553670785
manga-7960-9102  ,259.24692,32.245888,18.593000119203325,17.004159224795547,17.487662578462896
manga-7968-3701  ,322.21332,-1.0701182,18.649129654611084,17.369138622876534,17.835093801072865
manga-7968-3704  ,322.60788,-0.47452074,18.660087038428394,17.392154565052067,17.863640101021048
manga-7972-3704  ,316.8413,11.066421,17.164322967731987,15.685417372234866,16.18239294929896
manga-7990-1902  ,264.5225,57.118164,16.93532496176116,16.462797698409418,16.626982831308247
manga-7990-3703  ,262.09933,57.545414,17.591913772012035,16.90999769703092,17.099183346277215
manga-7990-6104  ,261.6076,58.588856,18.492061184029108,17.093142112451023,17.63700838369114
manga-7991-12701 ,257.75223,56.93534,16.806227127921172,16.102787401595073,16.522783652999752
manga-7991-1901  ,258.54846,57.976097,NaN,NaN,NaN
manga-7992-6102  ,253.88908,63.24212,17.126815902310845,15.806934208182058,16.194445660926434
manga-8078-6103  ,42.416542,-0.069850735,17.54202752317667,16.133886167449937,16.642767091367855
manga-8078-9102  ,42.542126,-0.867116,18.67146572689789,17.21849822609136,17.774432350492706
manga-8079-12705 ,42.81131,-0.32925212,16.843246651308753,15.479173857107476,15.91262158160758
manga-8080-12703 ,49.4878,-0.16910058,16.986578189516667,15.542555615159337,15.958701304271699
manga-8080-6102  ,48.01039,-0.078473404,18.38310149552629,16.961215888532664,17.413988584306328
manga-8081-9101  ,47.772182,-0.5465378,16.685442138018264,15.180013962827687,15.736629323107195
manga-8082-12702 ,48.438416,-0.24146006,18.158338162611276,16.790710296666205,17.228733873404117
manga-8082-9102  ,50.179935,-1.0022918,17.069179692924372,15.979474916950052,16.438779055448116
manga-8083-12702 ,50.245415,-0.367683,18.303602528885236,17.325776432346963,17.626339789340243
manga-8083-12705 ,50.178986,-1.1086535,19.359894840227255,17.61297566819194,18.141788799037958
manga-8131-12705 ,112.55991,39.53346,18.49399963855259,17.157423690917916,17.61166881068146
manga-8132-6101  ,111.73368,41.02669,17.507647620109235,16.16863605026544,16.636011572591556
manga-8134-9102  ,116.280205,46.072422,16.574746032030383,15.538216378548036,16.346896688114363
manga-8135-1902  ,114.09638,39.43828,19.236410749128382,17.576202876755055,18.138402140507985
manga-8137-3702  ,115.36872,44.408794,16.75428404375791,15.369888955545758,15.786670211284303
manga-8138-12704 ,116.657135,44.790516,18.346742010558682,17.293332364370883,17.659394665353187
manga-8140-3701  ,116.17686,42.357693,19.028743224184375,17.177072221028613,17.860933293818427
manga-8143-6101  ,121.0142,40.802612,17.071818964141606,15.682047911655921,16.186935147257465
manga-8143-6103  ,120.11665,41.66065,18.52671538947758,17.100348036125407,17.542589487377107
manga-8145-12702 ,115.9636,28.357784,16.94514602333075,16.058544745319246,16.376153341610475
manga-8146-1901  ,117.05386,28.225092,18.309166621715626,17.040503340578496,17.531560580166655
manga-8154-12701 ,45.43511,-0.59263,17.73375937406162,16.244381808733216,16.741636155744985
manga-8154-3702  ,43.65829,0.93943524,19.067522132792696,17.66786724157957,18.10011488989624
manga-8158-3704  ,61.453262,-6.3238373,19.617195030178554,17.84113291206236,18.3036770406612
manga-8239-12701 ,115.387474,47.871006,17.520172262532718,16.489628015080264,16.88967801053407
manga-8241-6102  ,126.05963,17.331951,18.475852734058787,16.838981527605295,17.381350087507442
manga-8241-9102  ,127.1708,17.5814,18.676088808650995,17.247875549524338,17.688487692319722
manga-8244-6103  ,130.99644,51.090263,18.384188111428237,16.855356166027157,17.30389657161729
manga-8245-3703  ,135.64542,20.738344,16.9832646365189,15.652079759918058,16.07654992586434
manga-8247-6103  ,136.71999,41.408253,19.29853429258513,17.674937308925855,18.19400135737333
manga-8247-9102  ,137.44128,41.955868,18.516544105254418,16.688757029772137,17.326728229898354
manga-8249-3704  ,137.87476,45.46832,18.086513463347117,16.739011450688793,17.251912489079462
manga-8250-12704 ,138.98138,44.33276,17.585621786531018,16.523876902154893,16.876433225187366
manga-8250-6101  ,138.75314,42.02439,17.776990934360253,17.10840241857484,17.43590529133418
manga-8252-9102  ,145.54153,48.012863,18.95906098168018,17.227558522895972,17.887421889805864
manga-8253-12703 ,159.38272,43.653763,19.32625182488463,17.56147693631542,18.17295617994052
manga-8254-6101  ,163.2499,43.048615,19.379200272613733,17.818840822884525,18.413124002360444
manga-8255-12704 ,165.11774,44.260967,16.12806807784485,15.495267503314679,15.806322119228794
manga-8257-12701 ,165.49582,45.228024,18.018112482478056,16.48291465628854,17.04474097527998
manga-8257-3703  ,166.6557,46.038776,17.630258530279185,16.74250598191495,17.15326828887943
manga-8260-6101  ,182.40875,42.009666,17.483371026024248,16.287046196198542,16.696921064229517
manga-8260-9101  ,182.28673,44.003166,19.571336236730968,18.463981682427413,18.85014994780402
manga-8262-12704 ,185.47505,45.26768,16.24766694933252,15.76054071808457,15.952363846484491
manga-8262-9102  ,184.55356,44.17324,16.65180651203876,15.470855928756306,15.884901457085572
manga-8311-3703  ,205.01218,23.142973,17.208612639983595,15.92528835588406,16.3837616214535
manga-8311-6104  ,205.28273,23.282055,17.751437006342776,16.775856153519467,17.17004724065844
manga-8313-12702 ,240.67741,41.19726,18.760470997517835,17.185537953930464,17.621437723605244
manga-8314-6104  ,244.00218,39.49763,17.702083369120675,16.33433405315605,16.73734789414327
manga-8315-12702 ,234.88333,38.163715,18.1158699066239,16.72036779745827,17.20273610391297
manga-8317-6102  ,194.92503,43.75318,18.58158358412085,17.152427271181963,17.650274245611257
manga-8317-6103  ,193.2702,44.96035,18.91906681662507,17.437972210426985,17.930224008832116
manga-8318-12702 ,196.44403,46.461857,18.281111243754168,16.96247356973461,17.54476201923351
manga-8318-6102  ,197.23932,45.905445,18.265224720417674,17.542643444974527,17.81465861328283
manga-8318-9101  ,196.08629,45.05666,17.594223517391193,17.02706571190852,17.25402549127816
manga-8320-9101  ,206.31386,23.316513,17.285859669172314,16.22804048873087,16.603227619080485
manga-8322-3701  ,199.06648,30.264532,18.583688687256473,16.890416008388932,17.503366213374495
manga-8324-12701 ,197.81342,46.7007,19.56299813288111,17.927684750917322,18.475018397606313
manga-8325-12704 ,211.99176,47.906403,17.49288448678941,16.542634483186404,16.99612160515544
manga-8326-6102  ,215.01791,47.12133,18.83629358328035,17.22721766096982,17.841625368900072
manga-8328-9101  ,208.54976,44.208027,18.812889324353613,17.669985737228167,17.955230212492076
manga-8329-6102  ,211.90486,44.48227,17.477521332240734,16.172795754035413,16.537772898048075
manga-8331-9101  ,203.98819,41.60465,18.313178177866355,17.07611225789754,17.666838051189636
manga-8332-12704 ,209.16357,43.58564,17.44340908331045,16.594925790649874,16.890745433804856
manga-8332-3702  ,207.8728,43.806427,18.876328619924465,17.173948405760047,17.824647721971317
manga-8332-9102  ,210.24095,42.855644,18.533805470133615,17.022114730879995,17.485945504446306
manga-8333-6103  ,214.46466,43.41824,19.037566231110773,17.463225622653848,17.978612260378764
manga-8333-9102  ,215.07263,43.062798,18.567501746720765,16.985257560470863,17.560933052804952
manga-8334-12704 ,214.15764,40.216293,18.455296786761565,16.965049817120022,17.541009620706024
manga-8334-3702  ,212.37608,41.11093,17.77930681004485,16.43158875798991,16.844294974170833
manga-8335-6103  ,215.96472,40.25883,17.57943413801434,16.199849164395612,16.665347026495088
manga-8336-6104  ,211.24313,38.634212,19.449412408042466,17.847408441289293,18.436520186973446
manga-8337-12701 ,212.50975,38.70644,18.879306800482418,17.431568583281297,17.922577758140704
manga-8337-1901  ,214.09645,38.190987,17.28428442412107,16.078487457746583,16.504662156480435
manga-8337-6104  ,213.45494,37.269066,17.375823431003727,16.50229114932982,16.863439416980786
manga-8341-12704 ,189.21326,45.65117,18.06419799005359,16.816771474062943,17.20602700171071
manga-8438-12702 ,149.75093,17.81714,18.671829070913525,17.2269829179482,17.654963646897432
manga-8438-12703 ,149.31839,19.11422,17.19778585373808,15.946498773608635,16.23724799301694
manga-8439-6102  ,142.77817,49.079746,17.848589245226464,16.467943843018716,16.945364195734573
manga-8440-12701 ,135.06511,40.296738,19.154027820068794,17.246068931073584,17.875528644378907
manga-8440-9101  ,134.2735,40.013714,18.502124780673277,17.35557359336416,17.755198002356607
manga-8443-3704  ,207.58386,24.93594,17.826887660008254,16.770729914258773,17.16586347294393
manga-8444-12703 ,201.4111,33.68043,18.09233555878117,16.757692114616205,17.183340223199792
manga-8446-12704 ,206.20287,37.163223,17.50428446131574,16.488535183123375,16.78842942997219
manga-8446-1901  ,205.75334,36.165657,17.884897230957794,16.519740722863823,16.937786073876232
manga-8447-6103  ,206.17303,40.4673,16.846165765327896,15.528773551244232,15.921315669749278
manga-8449-1901  ,167.42166,21.740376,18.816042449713795,17.201695233857805,17.676109446744384
manga-8450-3701  ,171.72545,21.295252,17.660653074204625,16.303626273934803,16.777371291555067
manga-8452-3702  ,156.29802,47.73908,17.939127866463846,16.762908471435527,17.259299258200862
manga-8454-12702 ,153.04903,45.14216,18.65127087260995,17.16738646928696,17.65673022496309
manga-8455-12703 ,157.72327,41.221096,17.701837357605747,16.723382909197337,17.126469177994856
manga-8455-3701  ,157.17946,39.838886,19.037814282067664,17.793184730225917,18.201172440826973
manga-8458-12701 ,144.7878,45.370842,17.656139051839546,16.364424470656726,16.808488345208882
manga-8458-12705 ,147.18182,44.081436,17.870525417062616,16.57090947459325,17.071352645950775
manga-8459-3702  ,146.7091,43.423843,17.220059779139746,16.17315552111698,16.542577695834783
manga-8464-3704  ,188.10783,44.18362,18.410140667358014,16.954961393483458,17.575677910374537
manga-8464-6101  ,186.181,44.41077,16.834424879848683,16.362545988261715,16.57656978038978
manga-8465-3701  ,195.31932,48.060184,16.79167890849721,16.768550137403466,17.030030874771093
manga-8466-3704  ,169.51344,45.11303,17.594345881522052,15.382060660887738,15.917428611241746
manga-8481-3702  ,239.33914,54.671074,18.72717580118431,16.152096565417672,16.667964417431747
manga-8482-12704 ,243.58182,50.46561,18.64967581203592,17.170554678874147,17.673961028714153
manga-8484-3704  ,249.02844,44.602753,17.262816627115356,16.840825595437487,17.491232258625832
manga-8485-6103  ,233.03276,49.124825,17.966380784706594,15.88462315578178,16.376762788996366
manga-8547-12701 ,217.62997,52.707157,17.69144428074747,16.747516451521,17.200684584749574
manga-8548-12704 ,244.07472,47.9816,16.94214424034625,16.444964028740262,16.83992420254901
manga-8549-12702 ,241.27145,45.442993,17.531348955029323,15.653230796585225,16.037697386715326
manga-8550-12705 ,249.1357,39.02788,17.78699916869886,16.83315350368258,17.084898816500626
manga-8551-12705 ,233.94092,44.834797,18.81258864477458,16.39580196541083,16.806116316028955
manga-8551-3704  ,234.87364,44.648453,15.485673808419955,17.568858826685812,18.070823450124994
manga-8553-12705 ,235.46388,55.467854,16.768846430446086,15.146494981923073,15.302479353033139
manga-8553-1901  ,233.96834,57.902637,18.058176510765907,15.461338250227605,15.954274476773442
manga-8553-6102  ,233.7126,56.45108,18.02235997048863,16.912918053147767,17.3380234350031
manga-8553-9102  ,234.54184,57.603653,18.008395561457995,16.66724298454475,17.133497987332383
manga-8554-12705 ,184.93262,35.507023,18.90758558546269,16.580282713559782,17.069372908717686
manga-8554-3702  ,182.66438,36.614506,18.808427974233453,17.32186090034456,17.84935865031894
manga-8554-6102  ,182.78447,35.333008,19.140149601184618,17.16469550279605,17.60354167737388
manga-8554-6103  ,183.99738,35.717373,19.171942590755016,17.530861998987568,18.000772324427487
manga-8555-12704 ,245.19438,43.153206,18.740365204009766,17.531632018119957,17.926745476341097
manga-8555-6103  ,247.09714,43.95761,16.795045999439502,16.964314394208017,17.598045454460813
manga-8566-9101  ,113.981995,42.20336,17.312115214045008,15.383988824549856,15.82674318285352
manga-8568-9101  ,155.58076,36.58304,17.316861294883385,16.073084581579707,16.50842376092357
manga-8588-6101  ,248.45676,39.263206,19.56600167595647,16.070564024806817,16.466960916161103
manga-8591-6102  ,212.956,52.81671,18.03663740037561,17.892818055850242,18.36153459972603
manga-8592-12703 ,222.50076,54.08451,17.22806784732436,16.57351845909524,17.0872231405872
manga-8592-6101  ,222.67177,51.704468,18.549514716351275,16.01033350759166,16.4995545196339
manga-8593-12705 ,226.93745,51.45283,18.958590841774548,17.01193060429965,17.565024573645296
manga-8593-3704  ,225.62105,52.733913,16.52930445778621,17.32870042159066,17.88983578244643
manga-8593-6102  ,225.26437,51.967064,18.82906142788493,15.323818995333298,15.738427989678005
manga-8595-3703  ,221.43799,51.58082,17.879104929401194,17.25814906033512,17.76405211385242
manga-8597-3701  ,224.83553,47.56705,17.8780396445378,16.882820987844084,17.219214952075337
manga-8600-1901  ,242.58522,43.009644,17.176752743433006,16.475774756901934,16.940280442805133
manga-8600-3704  ,245.84528,41.651188,18.221130758751364,16.54059069989152,16.815766263727998
manga-8604-9102  ,246.45535,40.34521,17.690477334705584,16.7438939089175,17.250571212075133
manga-8606-12701 ,255.02988,37.8395,17.76116154237552,17.12717613502442,17.355460436134287
manga-8606-9102  ,255.70906,36.70675,14.638102027462496,16.25811966648962,16.74584716063135
manga-8611-12703 ,261.55725,62.14946,17.545485348015518,13.893595060400697,14.189143254923057
manga-8612-1901  ,253.46759,39.760162,17.28148284923985,16.76806120246747,16.929013688412233
manga-8613-12703 ,256.81775,34.822605,17.426699599383525,16.11416095635858,16.58445171204879
manga-8613-6102  ,255.6381,33.51664,17.578520904350434,16.131838004797462,16.51233099825334
manga-8614-12703 ,258.11853,35.884087,18.96751171634041,15.991784169517587,16.44081546648494
manga-8614-3703  ,257.00137,36.34442,17.822939820199547,16.342250292163747,16.790616539533005
manga-8615-12703 ,322.04858,0.29988483,18.115413840590996,17.392858862129472,17.88525279209854
manga-8615-12704 ,321.44315,0.93108016,17.446103475275134,16.65223058308892,17.09426313304113
manga-8615-3701  ,321.0079,-0.36632362,17.913385082531533,16.87630447589349,17.221902933260065
manga-8615-3703  ,320.82642,1.25498,15.022632767686224,16.07256757565913,16.580439032499612
manga-8616-6103  ,322.21234,1.2582695,19.099947112169687,16.94567261794708,17.31286901066461
manga-8616-9102  ,322.74945,-0.00059404527,18.891317749750122,14.461135439658836,15.034893981605592
manga-8619-12702 ,323.11594,10.13862,16.510925355218788,17.558424396553747,17.966986098134587
manga-8624-12701 ,259.1639,59.25371,17.108648345358304,17.217565782557674,17.809356549235407
manga-8624-12702 ,260.58173,59.076534,18.109297533309412,15.106034348301431,15.585331708190445
manga-8625-12704 ,258.84573,57.411182,18.026551993649058,17.704648749429108,18.158310148590132
manga-8626-12704 ,263.75522,57.052433,17.255381797556836,16.58762146139448,17.151682372577945
manga-8626-6101  ,263.0989,55.414677,19.097650547886275,16.863811935458415,17.474506799683695
manga-8651-1901  ,312.92313,0.8598728,18.501768472449847,16.2271092059442,16.70851626996445
manga-8655-3701  ,356.75183,-0.4473874,16.962833917980053,17.745536212515344,18.205294182456008
manga-8655-9101  ,356.53702,1.0303342,18.02679177401012,16.89440547325623,17.426807381572026
manga-8656-12705 ,7.387001,-1.0956997,16.603647928517496,15.759024312939427,16.144875905732434
manga-8656-6101  ,7.8003993,-0.40735427,17.667219098120874,16.69786272322129,17.126958372966342
manga-8656-6103  ,7.293456,-0.16378926,17.027001463935157,15.495131819926787,15.91732960565553
manga-8657-6101  ,9.399203,0.28066185,16.557721223301254,16.456717657316183,16.814723554081944
manga-8712-6101  ,118.72692,53.846275,17.483643814018315,15.782909261209824,16.162770785182744
manga-8713-6104  ,118.31732,39.05012,18.819919735707813,15.921104321717642,16.156129715339112
manga-8713-9102  ,118.85539,39.186096,16.78075065964666,17.09564149349433,17.6066640082543
manga-8714-3704  ,118.18415,45.949276,19.059610024363025,16.188286031439016,16.82431909040377
manga-8715-3701  ,119.12,50.287865,19.595352032787133,17.343802227985343,17.85744784195483
manga-8715-3702  ,119.92067,50.839973,17.943273008253215,17.9936351107959,18.570208540852033
manga-8717-1901  ,117.456,34.88391,18.701074036345663,16.441551910316335,16.96407819575004
manga-8717-1902  ,118.09111,34.32657,18.67288962163838,17.18753147235138,17.713097077596522
manga-8717-3704  ,117.51833,34.479317,17.995259478853875,17.342747411238058,17.857484271627584
manga-8717-6103  ,118.291306,35.93252,17.51231151303496,16.54685200562239,17.01726130555034
manga-8718-12701 ,119.18215,44.85671,17.0625160643515,16.27872698729761,16.77009767315741
manga-8721-9102  ,135.79643,54.064327,19.891802196209387,15.63468062843602,16.132869105489554
manga-8723-6104  ,130.40778,54.91857,16.702010472189635,18.597447760059737,19.0962397996326
manga-8723-9102  ,126.87885,54.904694,18.549559641299503,15.27966646646858,15.7234356133553
manga-8724-12702 ,132.01706,54.028023,18.21931984898591,17.262097810691976,17.732759848848417
manga-8724-12703 ,132.59502,55.378742,17.872698951579903,16.643149363909664,17.120650542459654
manga-8725-9102  ,127.17809,45.742554,18.17614102234647,17.20640049532697,17.400193445494352
manga-8726-1902  ,117.57766,23.17823,17.25477394204846,17.03661551848072,17.430225283449897
manga-8932-3701  ,194.65533,27.176556,18.40466167090228,16.82905815588877,16.948667717360212
manga-8932-9102  ,196.6517,27.872946,16.44288130635525,16.833426711105567,17.361527277980855
manga-8934-3701  ,194.0255,27.67798,16.334060447681708,15.190022719538746,15.60904473015852
manga-8938-6103  ,119.791504,29.781067,18.600417458618853,15.752699335228893,15.95503085998665
manga-8940-12702 ,120.08742,26.613527,18.31369781424599,16.948117591981788,17.456167484595632
manga-8940-6102  ,120.866936,25.102682,16.885308481249368,16.73386627157894,17.182342832577675
manga-8943-3703  ,158.1318,36.36707,17.714524176540216,15.469369069142413,15.985842611980502
manga-8943-3704  ,157.65067,35.916607,19.320086418217002,16.299241112228493,16.794317222221856
manga-8945-3704  ,175.1973,46.540493,16.84075529098341,17.74399985378855,18.242597606498386
manga-8945-6103  ,171.24463,47.14351,18.546167056140167,15.708148250001361,16.093866898969658
manga-8946-12703 ,171.01332,47.97076,18.269571857054714,17.38194736152982,17.840225940066848
manga-8947-12704 ,171.10266,51.23494,18.160985356428405,16.68706460157307,17.12577216205101
manga-8947-3701  ,168.9478,50.401634,17.59433282554224,16.747680403248268,17.271755095300833
manga-8948-1902  ,166.31194,49.65891,18.1124093929884,16.112819335541648,16.578178012393458
manga-8952-12704 ,205.23576,26.48672,19.245948001258974,16.82928882441294,17.196588062282633
manga-8952-6102  ,204.91205,27.404594,18.30533157640537,17.650543649878085,18.052678936334104
manga-8978-3704  ,249.12357,41.039543,18.065237715990556,17.549602817455444,17.94495691390023
manga-8979-9102  ,243.8303,42.037636,18.176723887198616,16.679548790313937,17.212695328296427
manga-8982-3703  ,203.1901,26.580376,17.26148173339994,17.020277850668236,17.487185968381574
manga-8982-6104  ,203.05707,26.949982,18.857389221110083,15.905977249654715,16.34301816380654
manga-8983-3704  ,206.00795,25.941198,18.055657158331833,17.197681944644547,17.661177492147093
manga-8984-12705 ,204.35349,27.419218,17.790520303015935,16.75492321699434,17.166574004138155
manga-8984-6102  ,201.90056,27.138014,17.521735984149572,16.55088301191994,16.979920503882006
manga-8985-6104  ,206.19841,31.615673,19.290249843786178,16.040777181226005,16.462473785821622
manga-8986-6101  ,119.86882,26.889648,18.54124390205029,17.832772934074654,18.264137741132025
manga-8987-6104  ,137.11858,28.911036,17.10299592357198,16.552816354649746,17.189788971066385
manga-8988-12703 ,187.06062,40.200375,19.157281627847965,15.864596406275878,16.32361795648027
manga-8988-6102  ,186.25119,40.15731,16.553334393919684,17.564271705640305,18.036623621613067
manga-8988-6104  ,186.90855,40.16049,17.672514647225483,15.181998733620153,15.63980740260071
manga-8989-12703 ,177.27167,51.582214,17.977315856531217,16.270377592836688,16.658435163897913
manga-8990-12702 ,173.49678,49.062027,18.324321401740132,16.52173460334646,16.981911998463303
manga-8991-3702  ,176.27718,53.647964,17.63815846729481,16.74678264731019,17.350028562624424
manga-8991-9102  ,178.37743,52.68945,16.854065914049784,16.182950666041,16.731657927145836
manga-8992-12702 ,172.31723,51.523235,18.163161211958474,16.230470493827646,16.588493516694342
manga-8993-12701 ,164.86395,46.12239,18.802930897627792,16.7139081368337,17.19740064574053
manga-8994-9102  ,162.21872,50.03666,17.769552598589947,17.291193718342544,17.72332802714373
manga-8995-3703  ,175.81781,55.277706,17.975710785546145,16.34489016836978,16.77002113580066
manga-8995-6103  ,175.5447,55.458252,19.1058524516362,16.806918845177464,17.200007474697756
manga-8996-3702  ,172.33061,54.126083,16.674259334162215,17.387051075806337,18.00647584974589
manga-8996-3703  ,172.30202,53.733967,18.379906663354735,15.231218611694388,15.636820084512214
manga-8997-12702 ,171.39412,52.546295,17.938911413593168,17.223894928312838,17.594533731529424
manga-8997-1902  ,170.16647,50.827286,18.22276371564323,16.781438713678533,17.264136084254982
manga-8997-3703  ,170.72345,51.341778,16.888725794259177,16.960909288704595,17.45539309503753
manga-8998-12705 ,163.66383,47.86228,18.469658575586486,15.874150038333928,16.16323129891807
manga-8999-3702  ,163.43388,49.498867,18.756702356084052,16.998490927081424,17.353458378578118
manga-9000-1901  ,171.40065,54.382576,18.271923549152955,17.344157399076252,17.88467459520772
manga-9001-12701 ,167.24554,50.348335,18.14647212181981,16.877605748070934,17.312740184664587
manga-9001-12702 ,166.60243,51.392414,18.204373488262515,16.828492339586887,17.169406612023067
manga-9002-12703 ,223.99287,32.62572,18.33552622927315,17.048478833666024,17.508891920401364
manga-9002-9101  ,222.97627,31.280144,18.788898602541718,16.910768067906943,17.348946815577424
manga-9024-12705 ,223.86746,32.840027,19.09376672181695,17.42331021115945,17.959641288135376
manga-9024-1901  ,222.45377,33.857456,18.05203039060333,17.39951839093207,18.073587831223655
manga-9025-12701 ,244.6465,29.817316,18.762255226452503,16.844135673362118,17.27480710563044
manga-9025-3701  ,246.41771,29.14761,17.58821708696582,17.441140901894656,17.941502059666057
manga-9027-12701 ,243.93593,31.963955,16.645247127604605,16.261478649553425,16.712935008811236
manga-9028-12705 ,243.24413,29.556604,18.288433891884676,15.236928164172259,15.689073498330043
manga-9030-12705 ,243.1779,29.901339,19.37561298232508,16.98077780693712,17.46143693463581
manga-9030-3704  ,243.16187,29.643595,18.57360887715219,17.978567994322685,18.3513471594772
manga-9030-9102  ,243.57137,30.999468,17.35186488988539,17.289280967209507,17.754917082630705
manga-9031-12704 ,241.30154,45.453186,17.87087971595651,15.906469659143504,16.36363401373857
manga-9031-12705 ,241.15099,43.879787,18.34362186081134,16.49854410329307,17.019572948704912
manga-9031-3704  ,239.97495,44.70899,17.857272032801596,17.113886101722272,17.553628875387467
manga-9032-12701 ,240.47508,31.892061,17.715079473554685,16.43178730862958,16.942694239709972
manga-9032-12702 ,241.45277,30.717058,17.965940562437044,16.492162148908598,16.95302800101963
manga-9032-6102  ,241.51508,30.650236,18.170429077924645,16.411476222651544,16.97229288726473
manga-9033-12705 ,224.01819,45.405266,17.034274662102536,16.76800437960867,17.195436590118245
manga-9033-6104  ,224.02037,47.453453,16.416763131989864,15.634742020344383,16.086094193817786
manga-9034-6104  ,226.09254,47.686684,18.842037354597213,15.202918996886172,15.618807968699024
manga-9035-9101  ,235.447,45.556,18.9988803618803,17.177592131944746,17.6021152124192
manga-9037-6104  ,236.21349,43.514057,18.10590781587824,17.689332642790745,18.130523991646847
manga-9039-12703 ,228.97867,34.729557,17.026504151319678,17.161425210201365,17.761729854435465
manga-9039-9101  ,229.00035,34.35685,18.410282127016142,16.653034717753116,17.036356039802072
manga-9040-12701 ,242.62929,27.49966,17.917805969314756,15.992395072453423,16.303461053685798
manga-9040-3701  ,245.5363,27.34844,18.369882691996168,16.903679544557768,17.413905956830625
manga-9041-12701 ,236.94151,28.641697,17.916833415526153,16.850074326606073,17.199660632258983
manga-9041-3701  ,235.54015,28.256958,18.15312821909535,17.099145740397926,17.419571687802623
manga-9041-9102  ,235.94193,28.41521,18.814113072370592,16.41350415470964,16.81361423262166
manga-9042-1901  ,233.18645,28.063139,17.63337495254462,17.062615755546773,17.547076422555982
manga-9042-3702  ,232.54283,29.008396,18.723537813613937,16.686174298592483,17.159181888714258
manga-9043-12703 ,231.27393,29.67017,18.381116731333858,17.1137822255497,17.559699420055566
manga-9043-3704  ,230.90317,28.643074,16.482483949358922,16.167280717566392,16.63286748299571
manga-9044-3702  ,229.4374,31.004385,17.778842076992042,17.203955769064507,17.638158219201834
manga-9044-3704  ,230.86163,31.066267,18.670880293248292,16.65835812067602,17.246610735452187
manga-9045-12705 ,228.23706,30.304523,17.59631149213059,15.780423271930257,16.29696405504641
manga-9045-3701  ,228.02324,30.839836,17.19257467596085,16.401984392456164,16.842227436829617
manga-9046-1902  ,243.55504,26.071175,18.818178259169372,17.12019487614313,17.587220403288974
manga-9047-12701 ,245.44196,25.820679,17.859416432518564,16.22548386716926,16.707264882213465
manga-9047-12704 ,246.71098,25.891197,17.506703435246155,15.785794524954943,16.233032734134525
manga-9047-1901  ,245.80746,26.479296,19.00252057718575,17.25936787389571,17.700382484487708
manga-9047-6102  ,247.19221,25.49472,18.571072642523568,16.447590754854936,16.943498982740554
manga-9047-6103  ,247.5125,25.794134,18.222773458041523,16.439830047397585,16.965185299172166
manga-9047-6104  ,248.14088,26.38074,16.845069067650186,17.37667305903514,17.9161923916436
manga-9048-1902  ,246.25598,24.263155,17.474396683067628,17.048716625167035,17.49271364204794
manga-9048-3703  ,246.17224,25.328236,16.489974254418435,16.962802231641813,17.493865413672275
manga-9048-3704  ,246.09814,25.13012,18.124319488852365,15.821000429287272,16.20194549153808
manga-9049-1901  ,247.56097,26.206474,17.19327721663885,16.31893063857903,16.68767113483832
manga-9050-3704  ,245.99501,22.393368,17.496406861581175,15.09990880110781,15.497454516372011
manga-9087-6101  ,241.19325,21.95725,17.593940066125363,16.866034423297737,17.38591565174046
manga-9088-6103  ,242.80882,26.923403,17.796275633681716,15.881986907094454,16.30465570083594
manga-9089-12702 ,241.29787,24.960117,18.64486973161445,16.297029956994592,16.819822870306016
manga-9089-6104  ,241.00392,25.955399,18.423674823899717,16.58254876915997,16.98537033980516
manga-9090-3701  ,241.71736,27.927542,17.17975810238268,16.235632442757733,16.758253838088837
manga-9090-9101  ,241.23143,28.16576,17.443189721660097,16.902053126858313,17.482085963460296
manga-9090-9102  ,243.0734,28.42955,18.178673499289822,17.1710679682788,17.604024762535268
manga-9091-12704 ,241.86623,27.569767,17.84620007312578,15.83673267918638,16.235900655069333
manga-9091-3704  ,241.94467,25.537512,16.529748790379152,16.536892680191038,16.962947816457167
manga-9092-3703  ,239.96506,25.940653,17.730782510436754,16.52370893625593,17.082921334164723
manga-9094-1902  ,239.71028,27.390083,19.11077244123517,16.375722309988237,16.820934539782826
manga-9094-6101  ,239.43138,27.46472,16.965601476909654,15.521622471965928,15.900896791240346
manga-9094-9101  ,239.71939,26.438623,17.933680255987415,16.22775819518747,16.72818072486112
manga-9095-1901  ,242.81006,24.225021,17.48797090275898,17.508033099657716,17.99074850937685
manga-9095-3701  ,242.28032,21.867727,18.484464914126086,15.631090855228752,16.01201116172016
manga-9181-12701 ,118.570946,38.220894,17.73379911115036,16.864699102633487,17.21912405212374
manga-9181-12702 ,119.61713,37.786625,18.030878342832906,16.072824395061218,16.542327688917656
manga-9181-12703 ,118.654434,39.179928,16.01555209771944,16.88425069108484,17.348244779580067
manga-9181-12704 ,118.38202,38.733295,18.820018247067054,16.20674815263611,16.715867469932217
manga-9182-12701 ,119.55331,38.535313,17.324960646168822,16.83949818893077,17.260023928434386
manga-9182-3704  ,121.52962,39.34241,17.88546482804574,15.223727244673398,15.531310236830127
manga-9182-6102  ,119.486336,39.993366,16.619657124557047,17.017863980182835,17.77472291241119
manga-9183-3703  ,121.92081,39.00424,18.113046722903142,16.30251725679573,16.75395103780966
manga-9183-9101  ,121.24403,38.267696,18.80163577937332,16.466298099504478,16.900366040716033
manga-9185-9101  ,256.21228,34.817333,17.053478646854252,15.786045395695108,16.14511217707868
manga-9186-6103  ,258.1185,30.909678,17.111145513721723,16.80074971692037,17.335979968821775
manga-9186-9101  ,260.66638,30.88127,17.78348232215322,17.151756034705887,17.588886329895303
manga-9192-12704 ,46.285744,0.34344304,18.047616875221763,15.673231800218213,16.192351382144714
manga-9192-12705 ,46.572266,-0.14003524,18.79176949929782,15.359076796110713,15.979503157845723
manga-9192-6103  ,45.970478,0.41526228,17.165641104402283,16.715409487134,17.293397814519068
manga-9193-12701 ,45.954624,-1.10375,17.985830076163843,16.277099043268837,16.91642306307015
manga-9193-12704 ,46.664913,0.061976884,17.85250594024471,17.154343077070354,17.758375107401175
manga-9193-12705 ,46.332443,-0.97071284,18.825133967370046,15.9676517941477,16.34397068678385
manga-9196-12703 ,262.3993,54.494423,16.67506430119051,16.520465573493016,17.019166189147125
manga-9485-12705 ,121.77994,36.23348,18.916351845319355,16.693941384988157,17.121900104090262
manga-9485-9101  ,119.10735,37.058247,17.617058172084118,17.50589823177024,18.022476111021952
manga-9487-3702  ,123.33054,46.147156,17.602995285444905,15.808917375677606,16.21613618661408
manga-9487-3703  ,124.81375,45.298756,17.92493533989753,17.217340071101603,17.714004686717665
manga-9487-9102  ,123.82033,46.075253,18.10940222810749,16.386599932442557,16.823709560303115
manga-9490-9102  ,122.56099,20.207266,17.6137316000912,16.137251562034063,16.630722652061202
manga-9491-6101  ,119.17438,17.991169,16.283580267753635,16.771978547480234,17.145115393280584
manga-9493-1902  ,129.9615,23.143349,17.935886747767828,16.683764718695706,17.16437649953868
manga-9493-6103  ,128.8758,23.676186,16.72488918987342,16.448520190961013,16.83409362773102
manga-9494-9101  ,127.36034,22.743408,16.728012584094262,15.336136447995978,15.955901932474037
manga-9494-9102  ,127.43484,22.424397,17.230717940816696,16.18585582796744,16.765132956255314
manga-9497-12705 ,118.07435,19.595081,19.120101960250416,15.954713195291038,16.225670204697533
manga-9498-3701  ,117.83736,22.504171,17.521000825835678,15.533461093168572,15.896350939335965
manga-9500-1901  ,131.72542,25.370089,17.926429068160918,15.813426673142597,16.305889766676298
manga-9502-12703 ,129.54558,24.895294,17.45573843347314,17.318858637923704,17.86365166125172
manga-9503-12701 ,119.97283,23.390083,18.17912948166291,16.4718153729303,16.86633506314935
manga-9503-3703  ,121.44958,25.256626,17.623440270694758,16.505607594772236,16.94771159603166
manga-9506-3701  ,133.5699,27.266527,18.422903784482614,16.212357756795257,16.622824097288873
manga-9506-3704  ,134.64473,26.211752,16.9058242014127,17.059727244332677,17.505305682462854
manga-9507-12704 ,129.60004,25.754501,17.650461602857348,16.52840811883629,16.880006156381484
manga-9508-6101  ,127.13102,26.348682,17.395277907129216,16.93093662715242,17.38252468502194
manga-9511-6103  ,129.78194,4.5673203,18.617797632140384,15.509747985177018,15.927925235502595
manga-9511-9102  ,129.91257,2.5740952,17.843790386936888,16.364043147460286,16.906778612789783
manga-9512-12703 ,140.00905,1.0383034,18.172600626289828,16.039855472346126,16.529356741940898
manga-9514-1901  ,33.23998,14.102849,17.73869458443641,17.359605890058873,17.8012876117583
manga-9865-9101  ,223.56288,49.430496,17.278708235954934,16.49756620314857,16.952036497624764
manga-9866-12705 ,243.93813,31.821842,18.71985174630866,17.533587149052742,17.902435751508165
manga-9867-12705 ,222.76913,49.255142,16.924813570802485,16.262208127304184,16.800974323950914
manga-9867-3702  ,221.635,49.01056,18.616822254665777,15.851386816961277,16.423251386667314
manga-9869-12702 ,247.24168,39.319088,16.568862164173943,17.634900968486875,18.02862796655719
manga-9872-9101  ,233.11523,41.811787,18.115590687829147,15.627306889629864,16.07342080054579
manga-9876-3702  ,194.57767,27.310818,17.248239268539496,17.109029948466336,17.65112450111311
manga-9881-6102  ,205.21317,24.473312,17.972770658480943,15.270167495796294,15.68018833821516
manga-9882-3703  ,206.35968,23.120117,17.234727906506215,16.578758367858455,17.108740087287124
manga-9882-3704  ,206.55292,23.053835,17.923509657352238,15.882652061388308,16.32532211579184
manga-9883-6104  ,256.53177,33.482845,17.776796455428194,16.796138281060475,17.24212106596709
manga-9885-12703 ,239.01633,24.44804,17.06711779447063,16.126043932058455,16.6215264734042
manga-9886-12705 ,238.08638,24.626602,19.046521154386816,16.462023592203227,16.922057902712872
manga-9887-1901  ,239.17853,29.813179,18.908872345714972,16.28015111940891,16.693020427695153
manga-9887-6101  ,238.01524,27.866594,17.614219818106037,15.944643550422914,16.325943597426438
manga-9888-12703 ,238.23872,27.6633,18.176601449374655,17.324728645473577,17.812390959029134
manga-9888-12705 ,236.90138,26.063766,17.612298278471588,17.59554295229549,18.119243619754975
manga-9888-6104  ,238.29976,27.55575,16.432763885104695,16.784921702530724,16.995548219091475
manga-9889-12705 ,235.99878,24.998505,18.854884845520303,16.641861407704674,17.13429794242764
manga-9889-1902  ,234.8586,24.94357,18.491196733405953,16.55182811670734,16.893337460406514
manga-9889-3703  ,234.16231,25.906826,17.438010325969444,15.410339367427635,15.786526652599143
manga-9889-6103  ,233.42432,26.140055,16.861620960537454,17.350794755967208,17.75412036531847
manga-9890-1901  ,232.41911,30.485918,18.107768923910655,17.169261481875218,17.71828922219088
manga-9891-12705 ,229.84799,28.31821,18.113033712270152,16.36445540717021,16.826768920695198
